id,first_name,last_name,email,MidInit,dob
1,Daniel,Ortiz,dortiz0@shinystat.com,J,1/29/1969 0:00
2,Bruce,Murray,bmurray1@dailymotion.com,Lee,8/1/1971 0:00
3,Henry,Collins,hcollins2@youku.com,NULL,11/12/1974 0:00
4,Rose,Adams,radams3@bloomberg.com,NULL,12/23/1974 0:00
5,Margaret,Ross,mross4@nytimes.com,A,9/27/1952 0:00
6,Jessica,Montgomery,jmontgomery5@chicagotribune.com,H,3/11/1959 0:00
7,Michael,Sanchez,msanchez6@cloudflare.com,A,2/24/1987 0:00
8,Debra,Mccoy,dmccoy7@rambler.ru,L,6/5/1986 0:00
9,Daniel,Fisher,dfisher8@accuweather.com,N,1/21/1979 0:00
10,Ruby,Warren,rwarren9@army.mil,NULL,11/30/1984 0:00
11,Jose,Powell,jpowella@diigo.com,V,1/17/1978 0:00
12,Christina,Wagner,cwagnerb@amazonaws.com,B,7/29/1959 0:00
13,Janet,Reynolds,jreynoldsc@home.pl,M,5/28/1989 0:00
14,Lisa,Perez,lperezd@reverbnation.com,I,6/16/1979 0:00
15,George,Evans,gevanse@free.fr,B,5/2/1961 0:00
16,Theresa,Kennedy,tkennedyf@chronoengine.com,M,3/19/1975 0:00
17,Jean,Anderson,jandersong@kickstarter.com,F,5/3/1987 0:00
18,Virginia,Lane,vlaneh@java.com,L,3/6/1978 0:00
19,Paul,Young,pyoungi@springer.com,A,1/29/1978 0:00
20,Christina,Day,cdayj@ed.gov,M,3/17/1975 0:00
21,Harold,Russell,hrussellk@stanford.edu,J,2/4/1986 0:00
22,Kathleen,Vasquez,kvasquezl@artisteer.com,E,5/21/1987 0:00
23,Wayne,Bradley,wbradleym@marketwatch.com,E,9/13/1962 0:00
24,Roy,Knight,rknightn@sogou.com,A,6/18/1979 0:00
25,Louise,Black,lblacko@cbslocal.com,R,1/7/1983 0:00
26,Eric,Sims,esimsp@google.pl,J,11/3/1982 0:00
27,Norma,Reyes,nreyesq@pinterest.com,A,10/8/1956 0:00
28,David,Simpson,dsimpsonr@dell.com,R,3/13/1988 0:00
29,Clarence,Simpson,csimpsons@nymag.com,K,9/25/1979 0:00
30,Henry,Evans,hevanst@tumblr.com,L,9/28/1989 0:00
31,Julia,Snyder,jsnyderu@yellowbook.com,W,5/20/1986 0:00
32,Steve,Harris,sharrisv@ameblo.jp,A,7/10/1977 0:00
33,Debra,Evans,devansw@cafepress.com,O,12/26/1976 0:00
34,Willie,Olson,wolsonx@youtu.be,O,6/10/1987 0:00
35,Annie,Robinson,arobinsony@imgur.com,G,1/10/1977 0:00
36,Jane,Green,jgreenz@state.tx.us,R,7/31/1984 0:00
37,Lori,Chapman,lchapman10@homestead.com,O,8/7/1986 0:00
38,Kelly,Medina,kmedina11@canalblog.com,B,12/14/1966 0:00
39,Evelyn,George,egeorge12@ft.com,R,9/11/1971 0:00
40,Anne,Hicks,ahicks13@usatoday.com,M,1/16/1956 0:00
41,Julia,Woods,jwoods14@unicef.org,NULL,8/27/1973 0:00
42,Bonnie,Nelson,bnelson15@goodreads.com,D,7/25/1984 0:00
43,Rose,Russell,rrussell16@ft.com,A,11/19/1988 0:00
44,Judy,Mills,jmills17@springer.com,D,5/17/1990 0:00
45,Ralph,Hawkins,rhawkins18@aboutads.info,R,1/10/1986 0:00
46,Patrick,Tucker,ptucker19@sourceforge.net,O,2/10/1976 0:00
47,Martin,Harrison,mharrison1a@statcounter.com,R,9/6/1988 0:00
48,Earl,Franklin,efranklin1b@hostgator.com,Ann,6/4/1956 0:00
49,Carol,Lee,clee1c@bing.com,K,3/26/1956 0:00
50,Douglas,Baker,dbaker1d@alexa.com,M,8/30/1956 0:00
51,Ronald,Elliott,relliott1e@berkeley.edu,L,7/11/1956 0:00
52,Roger,Little,rlittle1f@youku.com,M,4/4/1956 0:00
53,Rose,Rodriguez,rrodriguez1g@weebly.com,R,3/29/1956 0:00
54,Michelle,Wagner,mwagner1h@si.edu,N,9/10/1986 0:00
55,Dennis,Parker,dparker1i@acquirethisname.com,R,4/1/1956 0:00
56,Cynthia,Torres,ctorres1j@vk.com,H,7/6/1988 0:00
57,Julia,Stone,jstone1k@aol.com,T,7/24/1971 0:00
58,Donna,Brown,dbrown1l@ox.ac.uk,C,5/30/1986 0:00
59,Lisa,Ferguson,lferguson1m@sciencedaily.com,N,8/16/1979 0:00
60,Michelle,Stanley,mstanley1n@si.edu,C,2/3/1977 0:00
61,Mark,Carpenter,mcarpenter1o@instagram.com,H,8/9/1989 0:00
62,Lori,Welch,lwelch1p@va.gov,T,8/7/1956 0:00
63,Wayne,Bell,wbell1q@qq.com,W,1/30/1955 0:00
64,Shirley,Tucker,stucker1r@wiley.com,J,9/5/1973 0:00
65,Jerry,Torres,jtorres1s@cloudflare.com,T,4/28/1970 0:00
66,Phyllis,Payne,ppayne1t@nps.gov,R,3/7/1970 0:00
67,Stephen,Lewis,slewis1u@wsj.com,G,2/11/1976 0:00
68,Christina,Hernandez,chernandez1v@earthlink.net,B,9/2/1971 0:00
69,Jessica,Martinez,jmartinez1w@live.com,F,4/6/1991 0:00
70,Maria,Payne,mpayne1x@skype.com,J,12/29/1984 0:00
71,Michael,Burke,mburke1y@ibm.com,Sean,1/29/1989 0:00
72,Ann,Washington,awashington1z@forbes.com,T,5/14/1977 0:00
73,Sara,Alexander,salexander20@msn.com,M,10/19/1983 0:00
74,Donna,Graham,dgraham21@howstuffworks.com,M,11/6/1989 0:00
75,Dorothy,Mason,dmason22@exblog.jp,F,6/27/1982 0:00
76,Jane,Nichols,jnichols23@github.io,M,10/17/1988 0:00
77,Laura,Bryant,lbryant24@ed.gov,A,5/13/1983 0:00
78,Kenneth,Stevens,kstevens25@europa.eu,H,8/27/1987 0:00
79,Walter,Holmes,wholmes26@japanpost.jp,L,12/8/1966 0:00
80,Jerry,Warren,jwarren27@squidoo.com,P,12/3/1970 0:00
81,Alan,Sanders,asanders28@economist.com,U,3/9/1971 0:00
82,Sandra,Berry,sberry29@freewebs.com,T,8/29/1973 0:00
83,Christine,Richardson,crichardson2a@whitehouse.gov,M,12/23/1973 0:00
84,Carlos,Hanson,chanson2b@economist.com,R,3/2/1952 0:00
85,Stephanie,Andrews,sandrews2c@marriott.com,Richard,12/23/1970 0:00
86,Laura,Knight,lknight2d@sun.com,L,6/13/1972 0:00
87,Jeffrey,Hunter,jhunter2e@theguardian.com,K,4/11/1984 0:00
88,Margaret,Williamson,mwilliamson2f@eventbrite.com,A,12/17/1966 0:00
89,Juan,Dunn,jdunn2g@fastcompany.com,C,9/10/1986 0:00
90,Robert,Kelley,rkelley2h@plala.or.jp,C,9/7/1986 0:00
91,Evelyn,Dean,edean2i@mozilla.com,B,9/13/1986 0:00
92,Benjamin,Hawkins,bhawkins2j@amazon.co.jp,M,10/1/1986 0:00
93,Kevin,Wells,kwells2k@google.com,T,4/28/1980 0:00
94,Raymond,Medina,rmedina2l@linkedin.com,NULL,11/25/1972 0:00
95,Irene,Sanchez,isanchez2m@weebly.com,H,9/8/1986 0:00
96,Kelly,Torres,ktorres2n@google.nl,I,1/25/1990 0:00
97,Kenneth,Wheeler,kwheeler2o@i2i.jp,H,3/21/1986 0:00
98,Frances,Parker,fparker2p@omniture.com,A,6/26/1978 0:00
99,Sharon,Nelson,snelson2q@virginia.edu,NULL,3/29/1979 0:00
100,Paul,Grant,pgrant2r@diigo.com,B,1/24/1973 0:00
101,Lois,Wheeler,lwheeler2s@dyndns.org,N,8/30/1971 0:00
102,Martha,Mccoy,mmccoy2t@techcrunch.com,W,10/26/1983 0:00
103,Harry,Jacobs,hjacobs2u@cbslocal.com,N,9/22/1986 0:00
104,Irene,Fernandez,ifernandez2v@tumblr.com,R,9/19/1986 0:00
105,Thomas,Gutierrez,tgutierrez2w@businessinsider.com,M,9/19/1986 0:00
106,Chris,Nguyen,cnguyen2x@nyu.edu,T,9/28/1986 0:00
107,Michelle,Wright,mwright2y@dailymail.co.uk,E,10/1/1986 0:00
108,Beverly,Bradley,bbradley2z@amazon.co.jp,K,2/5/1989 0:00
109,Matthew,Harrison,mharrison30@deliciousdays.com,O,1/26/1978 0:00
110,Carl,Myers,cmyers31@google.ca,T,7/6/1979 0:00
111,Dennis,Boyd,dboyd32@latimes.com,R,2/25/1978 0:00
112,Linda,Warren,lwarren33@newsvine.com,P,5/31/1978 0:00
113,Timothy,Franklin,tfranklin34@cnet.com,K,7/17/1987 0:00
114,Douglas,Peterson,dpeterson35@ihg.com,J,5/7/1978 0:00
115,Lori,Russell,lrussell36@abc.net.au,W,5/31/1991 0:00
116,Kelly,Murray,kmurray37@geocities.jp,W,5/3/1974 0:00
117,Brenda,Perkins,bperkins38@wikipedia.org,W,8/4/1990 0:00
118,Christine,Martinez,cmartinez39@photobucket.com,L,6/13/1971 0:00
119,Mark,Murphy,mmurphy3a@hao123.com,T,6/15/1989 0:00
120,Brian,Rogers,brogers3b@google.de,H,6/6/1987 0:00
121,Cheryl,Ford,cford3c@blog.com,G,9/9/1972 0:00
122,Roger,Perry,rperry3d@cmu.edu,W,2/17/1978 0:00
123,Martha,Welch,mwelch3e@google.com.hk,N,3/18/1977 0:00
124,Jonathan,Tucker,jtucker3f@buzzfeed.com,T,4/30/1984 0:00
125,Anthony,Cook,acook3g@shop-pro.jp,T,11/11/1973 0:00
126,Joyce,Fisher,jfisher3h@ca.gov,T,5/4/1985 0:00
127,Anthony,Berry,aberry3i@bravesites.com,P,7/2/1983 0:00
128,Sharon,Coleman,scoleman3j@php.net,B,11/13/1980 0:00
129,Ruby,Coleman,rcoleman3k@ycombinator.com,W,5/16/1988 0:00
130,Christopher,Olson,colson3l@feedburner.com,T,8/4/1973 0:00
131,Theresa,Gutierrez,tgutierrez3m@plala.or.jp,F,10/7/1990 0:00
132,Michelle,Montgomery,mmontgomery3n@amazon.co.uk,B,4/9/1986 0:00
133,Russell,Mcdonald,rmcdonald3o@elpais.com,L,1/4/1991 0:00
134,Virginia,Carroll,vcarroll3p@census.gov,NULL,1/19/1985 0:00
135,Ronald,Hanson,rhanson3q@scientificamerican.com,William,1/3/1982 0:00
136,Tina,Sims,tsims3r@fastcompany.com,A,11/12/1970 0:00
137,Scott,Griffin,sgriffin3s@bluehost.com,T,9/5/1974 0:00
138,Michelle,Simpson,msimpson3t@mozilla.com,H,11/22/1987 0:00
139,James,Rose,jrose3u@surveymonkey.com,T,10/23/1971 0:00
140,Charles,Cox,ccox3v@netscape.com,E,4/30/1953 0:00
141,Christopher,Lopez,clopez3w@xinhuanet.com,G,9/10/1974 0:00
142,Janet,Gilbert,jgilbert3x@discovery.com,C,4/4/1970 0:00
143,Judith,Fields,jfields3y@sphinn.com,NULL,9/5/1971 0:00
144,Kelly,Johnson,kjohnson3z@hc360.com,R,11/4/1990 0:00
145,Carlos,Turner,cturner40@wix.com,S,8/18/1981 0:00
146,Antonio,Jackson,ajackson41@ted.com,NULL,6/25/1989 0:00
147,Michelle,Lynch,mlynch42@scribd.com,NULL,11/5/1975 0:00
148,Arthur,Payne,apayne43@usa.gov,M,12/7/1988 0:00
149,Heather,Graham,hgraham44@bandcamp.com,M,10/20/1983 0:00
150,Benjamin,Perry,bperry45@tamu.edu,T,9/18/1982 0:00
151,Heather,Barnes,hbarnes46@mashable.com,E,9/13/1977 0:00
152,Ernest,Mccoy,emccoy47@ca.gov,L,4/6/1977 0:00
153,Ashley,Holmes,aholmes48@myspace.com,P,10/16/1974 0:00
154,Louise,Wallace,lwallace49@parallels.com,K,3/2/1967 0:00
155,Anthony,Duncan,aduncan4a@about.me,K,2/15/1989 0:00
156,Denise,Sanders,dsanders4b@eventbrite.com,M,9/23/1974 0:00
157,William,Gomez,wgomez4c@hud.gov,A,10/5/1977 0:00
158,Kathryn,Dean,kdean4d@guardian.co.uk,N,12/8/1986 0:00
159,Phillip,Howell,phowell4e@blogspot.com,W,12/8/1984 0:00
160,Phyllis,Rice,price4f@blogger.com,V,1/15/1977 0:00
161,Christine,Palmer,cpalmer4g@dmoz.org,J,2/6/1985 0:00
162,Cynthia,Sullivan,csullivan4h@skyrock.com,C,12/25/1980 0:00
163,Angela,Welch,awelch4i@twitpic.com,M,4/13/1990 0:00
164,Randy,Wallace,rwallace4j@psu.edu,M,9/24/1988 0:00
165,Keith,Austin,kaustin4k@joomla.org,T,12/16/1988 0:00
166,Pamela,Adams,padams4l@chron.com,S,6/22/1983 0:00
167,Stephen,Phillips,sphillips4m@eventbrite.com,N,11/2/1979 0:00
168,Juan,Mitchell,jmitchell4n@tumblr.com,R,8/25/1984 0:00
169,Terry,Carpenter,tcarpenter4o@liveinternet.ru,A,4/2/1983 0:00
170,Justin,Harrison,jharrison4p@gmpg.org,Z,4/16/1977 0:00
171,Carol,Alvarez,calvarez4q@instagram.com,A,8/3/1981 0:00
172,Margaret,Porter,mporter4r@elpais.com,J,10/24/1986 0:00
173,Doris,Anderson,danderson4s@arstechnica.com,R,7/15/1987 0:00
174,Brandon,Olson,bolson4t@adobe.com,R,1/5/1986 0:00
175,Katherine,Turner,kturner4u@opensource.org,T,1/8/1989 0:00
176,Jose,Morris,jmorris4v@ameblo.jp,Oliver,9/23/1985 0:00
177,Philip,James,pjames4w@craigslist.org,M,2/11/1982 0:00
178,Debra,Hudson,dhudson4x@chron.com,N,3/24/1982 0:00
179,Albert,Grant,agrant4y@yolasite.com,S,11/15/1974 0:00
180,Mildred,Peters,mpeters4z@last.fm,L,11/18/1984 0:00
181,Michael,Harper,mharper50@people.com.cn,T,11/17/1984 0:00
182,Jose,Howard,jhoward51@cdc.gov,S,12/1/1986 0:00
183,Phyllis,Cooper,pcooper52@bloomberg.com,S,7/2/1979 0:00
184,Louis,Gomez,lgomez53@nifty.com,Y,4/5/1986 0:00
185,Ann,Roberts,aroberts54@virginia.edu,A,12/21/1975 0:00
186,Mildred,Bowman,mbowman55@friendfeed.com,S,5/24/1990 0:00
187,Elizabeth,Harris,eharris56@huffingtonpost.com,S,4/15/1989 0:00
188,Irene,Greene,igreene57@networksolutions.com,B,11/24/1985 0:00
189,Raymond,Garcia,rgarcia58@a8.net,M,7/24/1972 0:00
190,Heather,Butler,hbutler59@issuu.com,J,2/28/1985 0:00
191,Joe,Taylor,jtaylor5a@walmart.com,C,3/14/1988 0:00
192,Joan,Rice,jrice5b@bravesites.com,M,2/28/1983 0:00
193,Martin,James,mjames5c@devhub.com,E,12/5/1988 0:00
194,Andrew,Bell,abell5d@51.la,T,6/25/1989 0:00
195,Lisa,Wilson,lwilson5e@ask.com,H,12/25/1985 0:00
196,Ruth,Kim,rkim5f@dion.ne.jp,G,10/4/1980 0:00
197,Jimmy,Weaver,jweaver5g@earthlink.net,M,10/4/1977 0:00
198,Jean,Price,jprice5h@youku.com,O,11/26/1988 0:00
199,Benjamin,Ferguson,bferguson5i@indiegogo.com,R,2/10/1987 0:00
200,Cheryl,Carpenter,ccarpenter5j@hatena.ne.jp,T,9/6/1987 0:00
201,Willie,Tucker,wtucker5k@list-manage.com,T,2/10/1977 0:00
202,Theresa,Wells,twells5l@wikipedia.org,G,11/10/1989 0:00
203,Carl,Owens,cowens5m@xinhuanet.com,L,5/28/1981 0:00
204,Christopher,Wells,cwells5n@is.gd,B,5/10/1988 0:00
205,Justin,Boyd,jboyd5o@latimes.com,A,7/18/1980 0:00
206,Raymond,Medina,rmedina5p@virginia.edu,V,9/13/1962 0:00
207,Dennis,Chavez,dchavez5q@printfriendly.com,F,10/18/1970 0:00
208,Carlos,Murray,cmurray5r@cloudflare.com,R,2/10/1987 0:00
209,Laura,Banks,lbanks5s@businessinsider.com,E,11/1/1990 0:00
210,Deborah,Roberts,droberts5t@usa.gov,M,9/17/1969 0:00
211,Amy,Martin,amartin5u@artisteer.com,E,10/26/1977 0:00
212,Anthony,Gordon,agordon5v@fastcompany.com,J,3/18/1976 0:00
213,Jerry,Henderson,jhenderson5w@fastcompany.com,T,12/5/1966 0:00
214,Carl,Richards,crichards5x@businessweek.com,T,3/28/1989 0:00
215,Donald,Ray,dray5y@pagesperso-orange.fr,L,4/30/1986 0:00
216,Jean,Kelly,jkelly5z@whitehouse.gov,P,3/6/1976 0:00
217,Michael,Lopez,mlopez60@freewebs.com,T,1/30/1976 0:00
218,Mark,Young,myoung61@yahoo.com,N,4/28/1990 0:00
219,Ryan,Chapman,rchapman62@flavors.me,N,3/12/1987 0:00
220,Willie,Peters,wpeters63@t.co,R,12/25/1975 0:00
221,Nicole,Bell,nbell64@ft.com,K,5/26/1987 0:00
222,Justin,Mitchell,jmitchell65@disqus.com,NULL,9/17/1968 0:00
223,Matthew,Edwards,medwards66@wordpress.com,L,12/22/1987 0:00
224,Jerry,Stewart,jstewart67@amazon.com,S,11/6/1981 0:00
225,Jennifer,Wright,jwright68@dailymotion.com,J,3/29/1984 0:00
226,Ruby,Watson,rwatson69@sourceforge.net,P,8/11/1984 0:00
227,Fred,Foster,ffoster6a@cpanel.net,E.,2/18/1971 0:00
228,Joan,Perry,jperry6b@shutterfly.com,E,1/18/1976 0:00
229,Sandra,Watkins,swatkins6c@apache.org,K,7/31/1970 0:00
230,Jeffrey,Washington,jwashington6d@ebay.com,J,12/17/1971 0:00
231,Keith,Day,kday6e@friendfeed.com,L,4/24/1954 0:00
232,Teresa,Schmidt,tschmidt6f@yale.edu,H,12/3/1970 0:00
233,Ruth,Gilbert,rgilbert6g@usda.gov,E,8/27/1971 0:00
234,Anne,Reed,areed6h@nps.gov,F,1/6/1976 0:00
235,Michael,Carr,mcarr6i@nature.com,M,2/11/1976 0:00
236,Peter,Peters,ppeters6j@pcworld.com,N,4/16/1976 0:00
237,Carol,Barnes,cbarnes6k@cloudflare.com,O,4/17/1977 0:00
238,Joshua,Roberts,jroberts6l@php.net,X,8/1/1984 0:00
239,Chris,Mills,cmills6m@sourceforge.net,C,11/20/1984 0:00
240,Roy,Bowman,rbowman6n@sina.com.cn,T,7/18/1978 0:00
241,Kathy,Chapman,kchapman6o@cmu.edu,J,7/8/1983 0:00
242,Benjamin,Fox,bfox6p@hubpages.com,E,3/6/1976 0:00
243,Joan,Ferguson,jferguson6q@icq.com,L,2/23/1976 0:00
244,Irene,Mcdonald,imcdonald6r@earthlink.net,A,9/20/1984 0:00
245,George,Grant,ggrant6s@toplist.cz,C,1/4/1976 0:00
246,David,Henry,dhenry6t@home.pl,K,2/14/1977 0:00
247,Thomas,Perkins,tperkins6u@uol.com.br,L,3/9/1979 0:00
248,Karen,Owens,kowens6v@amazon.de,K,7/1/1979 0:00
249,Antonio,Patterson,apatterson6w@google.es,Beth,10/11/1984 0:00
250,Samuel,Collins,scollins6x@github.io,H,2/10/1978 0:00
251,Eric,Stanley,estanley6y@a8.net,Q,8/17/1984 0:00
252,Richard,Parker,rparker6z@google.nl,B,8/21/1974 0:00
253,Joseph,Gray,jgray70@exblog.jp,P,11/30/1970 0:00
254,Phyllis,Perez,pperez71@facebook.com,J,11/24/1970 0:00
255,Juan,Medina,jmedina72@vinaora.com,L,11/29/1966 0:00
256,John,Garrett,jgarrett73@mashable.com,S,5/12/1952 0:00
257,Ralph,Woods,rwoods74@cornell.edu,S,9/17/1972 0:00
258,Linda,Davis,ldavis75@deviantart.com,M,1/4/1971 0:00
259,Jacqueline,Lee,jlee76@github.io,T,6/3/1973 0:00
260,Chris,Richards,crichards77@elegantthemes.com,L,1/29/1978 0:00
261,Christopher,Williams,cwilliams78@4shared.com,N,1/17/1978 0:00
262,Russell,Butler,rbutler79@cornell.edu,M,6/21/1964 0:00
263,Teresa,Schmidt,tschmidt7a@msn.com,E,12/13/1975 0:00
264,Justin,Peters,jpeters7b@goo.gl,A,3/25/1984 0:00
265,Albert,Wheeler,awheeler7c@answers.com,R,3/27/1977 0:00
266,Billy,Johnson,bjohnson7d@trellian.com,I,5/28/1980 0:00
267,Scott,Stanley,sstanley7e@goo.gl,A,5/19/1978 0:00
268,Linda,Arnold,larnold7f@theatlantic.com,V,3/13/1988 0:00
269,Norma,Ryan,nryan7g@ebay.com,K,5/26/1987 0:00
270,George,Sanders,gsanders7h@alexa.com,P,5/17/1975 0:00
271,Marie,Henderson,mhenderson7i@tuttocitta.it,B,1/6/1976 0:00
272,Victor,Mitchell,vmitchell7j@geocities.jp,Barreiro Gambaro,1/30/1985 0:00
273,Larry,Morrison,lmorrison7k@virginia.edu,S,6/6/1977 0:00
274,Betty,Jordan,bjordan7l@unicef.org,Y,10/17/1951 0:00
275,Shirley,Mccoy,smccoy7m@csmonitor.com,G,12/25/1968 0:00
276,Joan,Austin,jaustin7n@umn.edu,C,2/27/1980 0:00
277,Donald,Fernandez,dfernandez7o@vistaprint.com,NULL,8/29/1962 0:00
278,Raymond,Cook,rcook7p@seattletimes.com,R,2/4/1975 0:00
279,Benjamin,Frazier,bfrazier7q@domainmarket.com,Michael,1/18/1974 0:00
280,Christopher,Cunningham,ccunningham7r@harvard.edu,O,12/6/1974 0:00
281,Scott,Young,syoung7s@smh.com.au,K,3/9/1968 0:00
282,Nicole,Butler,nbutler7t@alexa.com,Edvaldo,12/11/1963 0:00
283,John,Thompson,jthompson7u@51.la,R,2/11/1974 0:00
284,Earl,Burton,eburton7v@sciencedirect.com,A,1/5/1978 0:00
285,Ralph,Butler,rbutler7w@fema.gov,E,1/11/1975 0:00
286,Harry,Brown,hbrown7x@bluehost.com,N,2/14/1977 0:00
287,Fred,Mills,fmills7y@comcast.net,E,9/20/1957 0:00
288,Patrick,Warren,pwarren7z@oakley.com,B,7/9/1975 0:00
289,Theresa,Gomez,tgomez80@weebly.com,B,3/17/1968 0:00
290,Ashley,Grant,agrant81@ezinearticles.com,R,9/30/1975 0:00
291,Anna,Thomas,athomas82@chron.com,J,1/29/1969 0:00
292,Joseph,Andrews,jandrews83@sogou.com,Lee,8/1/1971 0:00
293,Irene,Russell,irussell84@chron.com,NULL,11/12/1974 0:00
294,Billy,Smith,bsmith85@latimes.com,NULL,12/23/1974 0:00
295,Wayne,Cox,wcox86@boston.com,A,9/27/1952 0:00
296,Steve,Jones,sjones87@wix.com,H,3/11/1959 0:00
297,Catherine,Vasquez,cvasquez88@csmonitor.com,A,2/24/1987 0:00
298,Marilyn,Chapman,mchapman89@wordpress.org,L,6/5/1986 0:00
299,Diana,Rodriguez,drodriguez8a@opera.com,N,1/21/1979 0:00
300,Jimmy,Perry,jperry8b@csmonitor.com,NULL,11/30/1984 0:00
301,Patrick,West,pwest8c@qq.com,V,1/17/1978 0:00
302,Diana,Torres,dtorres8d@networksolutions.com,B,7/29/1959 0:00
303,Randy,Arnold,rarnold8e@flavors.me,M,5/28/1989 0:00
304,Judith,Clark,jclark8f@google.com,I,6/16/1979 0:00
305,Juan,Carpenter,jcarpenter8g@yandex.ru,B,5/2/1961 0:00
306,Willie,Ferguson,wferguson8h@slideshare.net,M,3/19/1975 0:00
307,Emily,Henderson,ehenderson8i@amazon.com,F,5/3/1987 0:00
308,Brandon,Thompson,bthompson8j@cafepress.com,L,3/6/1978 0:00
309,Helen,Harrison,hharrison8k@pbs.org,A,1/29/1978 0:00
310,Carlos,Brooks,cbrooks8l@myspace.com,M,3/17/1975 0:00
311,John,Baker,jbaker8m@opensource.org,J,2/4/1986 0:00
312,Angela,Riley,ariley8n@about.com,E,5/21/1987 0:00
313,Eric,Warren,ewarren8o@huffingtonpost.com,E,9/13/1962 0:00
314,Juan,Wright,jwright8p@bing.com,A,6/18/1979 0:00
315,Bruce,Knight,bknight8q@vistaprint.com,R,1/7/1983 0:00
316,Linda,Butler,lbutler8r@irs.gov,J,11/3/1982 0:00
317,Dennis,Gonzales,dgonzales8s@comsenz.com,A,10/8/1956 0:00
318,Wanda,Hanson,whanson8t@bloglines.com,R,3/13/1988 0:00
319,Bobby,Wells,bwells8u@elegantthemes.com,K,9/25/1979 0:00
320,Linda,Frazier,lfrazier8v@sohu.com,L,9/28/1989 0:00
321,Margaret,Berry,mberry8w@blogs.com,W,5/20/1986 0:00
322,Ashley,Harper,aharper8x@illinois.edu,A,7/10/1977 0:00
323,Larry,Hunter,lhunter8y@indiatimes.com,O,12/26/1976 0:00
324,Craig,Bell,cbell8z@seesaa.net,O,6/10/1987 0:00
325,Earl,Armstrong,earmstrong90@photobucket.com,G,1/10/1977 0:00
326,Scott,Cunningham,scunningham91@va.gov,R,7/31/1984 0:00
327,Janet,Castillo,jcastillo92@is.gd,O,8/7/1986 0:00
328,Angela,Harvey,aharvey93@reuters.com,B,12/14/1966 0:00
329,Ashley,Bishop,abishop94@reuters.com,R,9/11/1971 0:00
330,Barbara,Allen,ballen95@army.mil,M,1/16/1956 0:00
331,Walter,Carr,wcarr96@nsw.gov.au,NULL,8/27/1973 0:00
332,Patrick,Fisher,pfisher97@mac.com,D,7/25/1984 0:00
333,Maria,Peterson,mpeterson98@go.com,A,11/19/1988 0:00
334,Philip,Robertson,probertson99@e-recht24.de,D,5/17/1990 0:00
335,Anne,Burton,aburton9a@cornell.edu,R,1/10/1986 0:00
336,Alan,Cooper,acooper9b@1und1.de,O,2/10/1976 0:00
337,Susan,Ramos,sramos9c@typepad.com,R,9/6/1988 0:00
338,Joe,Greene,jgreene9d@imdb.com,Ann,6/4/1956 0:00
339,Jacqueline,Kennedy,jkennedy9e@netlog.com,K,3/26/1956 0:00
340,Mary,Simmons,msimmons9f@printfriendly.com,M,8/30/1956 0:00
341,Matthew,Hart,mhart9g@amazon.co.uk,L,7/11/1956 0:00
342,Janice,Phillips,jphillips9h@unicef.org,M,4/4/1956 0:00
343,Timothy,Roberts,troberts9i@homestead.com,R,3/29/1956 0:00
344,Aaron,Long,along9j@msu.edu,N,9/10/1986 0:00
345,Stephen,Little,slittle9k@nytimes.com,R,4/1/1956 0:00
346,Walter,Lewis,wlewis9l@senate.gov,H,7/6/1988 0:00
347,Jennifer,Chavez,jchavez9m@ihg.com,T,7/24/1971 0:00
348,Terry,Peterson,tpeterson9n@geocities.jp,C,5/30/1986 0:00
349,Kelly,Mcdonald,kmcdonald9o@japanpost.jp,N,8/16/1979 0:00
350,Joe,Collins,jcollins9p@dagondesign.com,C,2/3/1977 0:00
351,Maria,Carpenter,mcarpenter9q@phpbb.com,H,8/9/1989 0:00
352,Kathy,Simpson,ksimpson9r@liveinternet.ru,T,8/7/1956 0:00
353,Alan,Powell,apowell9s@etsy.com,W,1/30/1955 0:00
354,Kevin,Jenkins,kjenkins9t@patch.com,J,9/5/1973 0:00
355,Dorothy,Dixon,ddixon9u@com.com,T,4/28/1970 0:00
356,Patrick,Morrison,pmorrison9v@imdb.com,R,3/7/1970 0:00
357,Cynthia,Ross,cross9w@home.pl,G,2/11/1976 0:00
358,James,Reynolds,jreynolds9x@earthlink.net,B,9/2/1971 0:00
359,Scott,White,swhite9y@vkontakte.ru,F,4/6/1991 0:00
360,Alan,Brooks,abrooks9z@sakura.ne.jp,J,12/29/1984 0:00
361,Lois,Washington,lwashingtona0@mapy.cz,Sean,1/29/1989 0:00
362,Anna,Taylor,ataylora1@biglobe.ne.jp,T,5/14/1977 0:00
363,Theresa,Hawkins,thawkinsa2@bloglovin.com,M,10/19/1983 0:00
364,Chris,Davis,cdavisa3@hatena.ne.jp,M,11/6/1989 0:00
365,Gary,Ellis,gellisa4@multiply.com,F,6/27/1982 0:00
366,Richard,Jacobs,rjacobsa5@statcounter.com,M,10/17/1988 0:00
367,Tammy,Garza,tgarzaa6@nyu.edu,A,5/13/1983 0:00
368,Larry,Harper,lharpera7@tripod.com,H,8/27/1987 0:00
369,Robert,Ferguson,rfergusona8@epa.gov,L,12/8/1966 0:00
370,Janice,Dixon,jdixona9@springer.com,P,12/3/1970 0:00
371,Kelly,Rose,kroseaa@imageshack.us,U,3/9/1971 0:00
372,Louise,Crawford,lcrawfordab@foxnews.com,T,8/29/1973 0:00
373,Katherine,Mason,kmasonac@over-blog.com,M,12/23/1973 0:00
374,Carlos,Oliver,coliverad@un.org,R,3/2/1952 0:00
375,Pamela,Harvey,pharveyae@economist.com,Richard,12/23/1970 0:00
376,Juan,Hart,jhartaf@reverbnation.com,L,6/13/1972 0:00
377,Willie,Bryant,wbryantag@elpais.com,K,4/11/1984 0:00
378,Ralph,Kelly,rkellyah@independent.co.uk,A,12/17/1966 0:00
379,Roy,Evans,revansai@list-manage.com,C,9/10/1986 0:00
380,Doris,Burke,dburkeaj@businessinsider.com,C,9/7/1986 0:00
381,Marilyn,Ryan,mryanak@moonfruit.com,B,9/13/1986 0:00
382,Robert,Dixon,rdixonal@fema.gov,M,10/1/1986 0:00
383,Tammy,Carroll,tcarrollam@patch.com,T,4/28/1980 0:00
384,Jennifer,Barnes,jbarnesan@multiply.com,NULL,11/25/1972 0:00
385,Elizabeth,Duncan,eduncanao@cbc.ca,H,9/8/1986 0:00
386,Michelle,Russell,mrussellap@blinklist.com,I,1/25/1990 0:00
387,Norma,Jacobs,njacobsaq@altervista.org,H,3/21/1986 0:00
388,Kimberly,Butler,kbutlerar@moonfruit.com,A,6/26/1978 0:00
389,Diana,Carter,dcarteras@webeden.co.uk,NULL,3/29/1979 0:00
390,Gregory,Fowler,gfowlerat@slideshare.net,B,1/24/1973 0:00
391,Rachel,Harper,rharperau@oaic.gov.au,N,8/30/1971 0:00
392,Ronald,Adams,radamsav@paypal.com,W,10/26/1983 0:00
393,Christina,Diaz,cdiazaw@simplemachines.org,N,9/22/1986 0:00
394,Willie,Griffin,wgriffinax@opensource.org,R,9/19/1986 0:00
395,Heather,Willis,hwillisay@fotki.com,M,9/19/1986 0:00
396,Joshua,Simmons,jsimmonsaz@booking.com,T,9/28/1986 0:00
397,Donald,Jenkins,djenkinsb0@ucoz.com,E,10/1/1986 0:00
398,Heather,Sanchez,hsanchezb1@goo.gl,K,2/5/1989 0:00
399,Ralph,Bryant,rbryantb2@weebly.com,O,1/26/1978 0:00
400,Craig,Garza,cgarzab3@wsj.com,T,7/6/1979 0:00
401,Laura,Hernandez,lhernandezb4@comsenz.com,R,2/25/1978 0:00
402,Billy,Reid,breidb5@tripadvisor.com,P,5/31/1978 0:00
403,Wayne,Rose,wroseb6@narod.ru,K,7/17/1987 0:00
404,Evelyn,Alexander,ealexanderb7@printfriendly.com,J,5/7/1978 0:00
405,Maria,Mendoza,mmendozab8@google.com,W,5/31/1991 0:00
406,Ruth,Schmidt,rschmidtb9@wufoo.com,W,5/3/1974 0:00
407,Alice,Myers,amyersba@sohu.com,W,8/4/1990 0:00
408,Victor,Jordan,vjordanbb@yahoo.com,L,6/13/1971 0:00
409,Catherine,Lewis,clewisbc@wikia.com,T,6/15/1989 0:00
410,Earl,Wright,ewrightbd@ox.ac.uk,H,6/6/1987 0:00
411,James,Cook,jcookbe@shutterfly.com,G,9/9/1972 0:00
412,Harry,Gibson,hgibsonbf@eventbrite.com,W,2/17/1978 0:00
413,Terry,Gutierrez,tgutierrezbg@disqus.com,N,3/18/1977 0:00
414,Anthony,Kelley,akelleybh@mac.com,T,4/30/1984 0:00
415,Shawn,Burton,sburtonbi@ca.gov,T,11/11/1973 0:00
416,Nancy,Sanchez,nsanchezbj@mozilla.com,T,5/4/1985 0:00
417,Jack,Spencer,jspencerbk@alibaba.com,P,7/2/1983 0:00
418,Judy,Hernandez,jhernandezbl@seattletimes.com,B,11/13/1980 0:00
419,Phillip,Lewis,plewisbm@google.es,W,5/16/1988 0:00
420,Shawn,Burke,sburkebn@nps.gov,T,8/4/1973 0:00
421,Patricia,Fernandez,pfernandezbo@constantcontact.com,F,10/7/1990 0:00
422,Chris,Carter,ccarterbp@goo.ne.jp,B,4/9/1986 0:00
423,Gerald,Hernandez,ghernandezbq@comsenz.com,L,1/4/1991 0:00
424,Barbara,Dunn,bdunnbr@chronoengine.com,NULL,1/19/1985 0:00
425,Walter,Stevens,wstevensbs@arizona.edu,William,1/3/1982 0:00
426,Anthony,George,ageorgebt@alexa.com,A,11/12/1970 0:00
427,Doris,Parker,dparkerbu@ning.com,T,9/5/1974 0:00
428,Deborah,Hayes,dhayesbv@omniture.com,H,11/22/1987 0:00
429,Andrea,Oliver,aoliverbw@ezinearticles.com,T,10/23/1971 0:00
430,Richard,Hicks,rhicksbx@so-net.ne.jp,E,4/30/1953 0:00
431,Virginia,Walker,vwalkerby@de.vu,G,9/10/1974 0:00
432,Dorothy,Ferguson,dfergusonbz@parallels.com,C,4/4/1970 0:00
433,Tammy,Webb,twebbc0@craigslist.org,NULL,9/5/1971 0:00
434,Bonnie,Johnson,bjohnsonc1@topsy.com,R,11/4/1990 0:00
435,Patrick,Diaz,pdiazc2@4shared.com,S,8/18/1981 0:00
436,Rachel,Hill,rhillc3@slideshare.net,NULL,6/25/1989 0:00
437,Julia,Sanders,jsandersc4@prlog.org,NULL,11/5/1975 0:00
438,Janet,Cook,jcookc5@g.co,M,12/7/1988 0:00
439,Gary,Brooks,gbrooksc6@mtv.com,M,10/20/1983 0:00
440,Patrick,Taylor,ptaylorc7@bing.com,T,9/18/1982 0:00
441,Sean,Weaver,sweaverc8@furl.net,E,9/13/1977 0:00
442,Jonathan,Jones,jjonesc9@wsj.com,L,4/6/1977 0:00
443,Harry,Perry,hperryca@is.gd,P,10/16/1974 0:00
444,Carl,Mendoza,cmendozacb@google.com.br,K,3/2/1967 0:00
445,Mildred,Knight,mknightcc@kickstarter.com,K,2/15/1989 0:00
446,Jessica,Jenkins,jjenkinscd@jimdo.com,M,9/23/1974 0:00
447,Johnny,Adams,jadamsce@sakura.ne.jp,A,10/5/1977 0:00
448,Annie,Hunter,ahuntercf@1688.com,N,12/8/1986 0:00
449,Lois,Henderson,lhendersoncg@over-blog.com,W,12/8/1984 0:00
450,Earl,Dean,edeanch@microsoft.com,V,1/15/1977 0:00
451,Wanda,Martinez,wmartinezci@hostgator.com,J,2/6/1985 0:00
452,Amy,Robertson,arobertsoncj@google.ca,C,12/25/1980 0:00
453,Gregory,Williamson,gwilliamsonck@tripod.com,M,4/13/1990 0:00
454,Alan,Jacobs,ajacobscl@usda.gov,M,9/24/1988 0:00
455,Kathleen,Thompson,kthompsoncm@gov.uk,T,12/16/1988 0:00
456,Russell,King,rkingcn@nifty.com,S,6/22/1983 0:00
457,Harold,Miller,hmillerco@constantcontact.com,N,11/2/1979 0:00
458,Marilyn,Carr,mcarrcp@skype.com,R,8/25/1984 0:00
459,Tina,Hall,thallcq@nasa.gov,A,4/2/1983 0:00
460,Gloria,Romero,gromerocr@list-manage.com,Z,4/16/1977 0:00
461,Albert,Wood,awoodcs@boston.com,A,8/3/1981 0:00
462,Kathryn,Gardner,kgardnerct@shinystat.com,J,10/24/1986 0:00
463,Doris,Evans,devanscu@tripadvisor.com,R,7/15/1987 0:00
464,Mary,James,mjamescv@imageshack.us,R,1/5/1986 0:00
465,Kelly,Flores,kflorescw@unblog.fr,T,1/8/1989 0:00
466,William,Henderson,whendersoncx@alibaba.com,Oliver,9/23/1985 0:00
467,Ruby,Allen,rallency@blog.com,M,2/11/1982 0:00
468,Nicholas,Reed,nreedcz@mail.ru,N,3/24/1982 0:00
469,Tina,Sullivan,tsullivand0@hugedomains.com,S,11/15/1974 0:00
470,Carol,Morales,cmoralesd1@jugem.jp,L,11/18/1984 0:00
471,Mildred,Lewis,mlewisd2@phoca.cz,T,11/17/1984 0:00
472,Clarence,Perez,cperezd3@apple.com,S,12/1/1986 0:00
473,Barbara,Scott,bscottd4@dropbox.com,S,7/2/1979 0:00
474,Jose,Medina,jmedinad5@webmd.com,Y,4/5/1986 0:00
475,Sharon,Johnston,sjohnstond6@zimbio.com,A,12/21/1975 0:00
476,Carlos,Barnes,cbarnesd7@nyu.edu,S,5/24/1990 0:00
477,Julie,Vasquez,jvasquezd8@washingtonpost.com,S,4/15/1989 0:00
478,Annie,Reyes,areyesd9@naver.com,B,11/24/1985 0:00
479,Lisa,Willis,lwillisda@scribd.com,M,7/24/1972 0:00
480,Eric,Moreno,emorenodb@latimes.com,J,2/28/1985 0:00
481,Julie,Meyer,jmeyerdc@amazon.de,C,3/14/1988 0:00
482,Anne,Cruz,acruzdd@bloglines.com,M,2/28/1983 0:00
483,Rose,Peterson,rpetersonde@ucoz.com,E,12/5/1988 0:00
484,Kathryn,Sullivan,ksullivandf@huffingtonpost.com,T,6/25/1989 0:00
485,Betty,Green,bgreendg@examiner.com,H,12/25/1985 0:00
486,Keith,Foster,kfosterdh@fc2.com,G,10/4/1980 0:00
487,Teresa,Harrison,tharrisondi@github.com,M,10/4/1977 0:00
488,Clarence,Dunn,cdunndj@bandcamp.com,O,11/26/1988 0:00
489,Billy,Hernandez,bhernandezdk@reddit.com,R,2/10/1987 0:00
490,Marilyn,Porter,mporterdl@wix.com,T,9/6/1987 0:00
491,Deborah,Gibson,dgibsondm@mit.edu,T,2/10/1977 0:00
492,John,Johnson,jjohnsondn@photobucket.com,G,11/10/1989 0:00
493,Barbara,Pierce,bpiercedo@amazonaws.com,L,5/28/1981 0:00
494,Paula,Greene,pgreenedp@adobe.com,B,5/10/1988 0:00
495,Harry,Edwards,hedwardsdq@cafepress.com,A,7/18/1980 0:00
496,Christopher,Weaver,cweaverdr@cafepress.com,V,9/13/1962 0:00
497,Irene,Snyder,isnyderds@dot.gov,F,10/18/1970 0:00
498,Donald,Perry,dperrydt@bbc.co.uk,R,2/10/1987 0:00
499,Ralph,Bowman,rbowmandu@skype.com,E,11/1/1990 0:00
500,Evelyn,Gonzalez,egonzalezdv@dailymail.co.uk,M,9/17/1969 0:00
501,Gerald,Romero,gromerodw@diigo.com,E,10/26/1977 0:00
502,Doris,Allen,dallendx@dell.com,J,3/18/1976 0:00
503,Martha,Turner,mturnerdy@latimes.com,T,12/5/1966 0:00
504,Samuel,Lewis,slewisdz@soup.io,T,3/28/1989 0:00
505,Christine,Gonzalez,cgonzaleze0@de.vu,L,4/30/1986 0:00
506,Lisa,Hart,lharte1@cam.ac.uk,P,3/6/1976 0:00
507,Elizabeth,Perry,eperrye2@paginegialle.it,T,1/30/1976 0:00
508,Peter,Graham,pgrahame3@furl.net,N,4/28/1990 0:00
509,Cynthia,Watson,cwatsone4@bravesites.com,N,3/12/1987 0:00
510,Scott,Marshall,smarshalle5@discovery.com,R,12/25/1975 0:00
511,Adam,Medina,amedinae6@ca.gov,K,5/26/1987 0:00
512,Tina,Anderson,tandersone7@weebly.com,NULL,9/17/1968 0:00
513,Bruce,Brooks,bbrookse8@gravatar.com,L,12/22/1987 0:00
514,Todd,Alvarez,talvareze9@lulu.com,S,11/6/1981 0:00
515,Thomas,Rice,triceea@google.com.au,J,3/29/1984 0:00
516,Heather,Wood,hwoodeb@reverbnation.com,P,8/11/1984 0:00
517,Donald,Johnson,djohnsonec@desdev.cn,E.,2/18/1971 0:00
518,Nancy,Davis,ndavised@paypal.com,E,1/18/1976 0:00
519,Sara,Woods,swoodsee@topsy.com,K,7/31/1970 0:00
520,Roger,Day,rdayef@stanford.edu,J,12/17/1971 0:00
521,Wayne,Little,wlittleeg@umn.edu,L,4/24/1954 0:00
522,Samuel,Ray,srayeh@vkontakte.ru,H,12/3/1970 0:00
523,Anne,Rodriguez,arodriguezei@sciencedaily.com,E,8/27/1971 0:00
524,Julie,Bailey,jbaileyej@who.int,F,1/6/1976 0:00
525,Richard,Simmons,rsimmonsek@vinaora.com,M,2/11/1976 0:00
526,Douglas,Price,dpriceel@wordpress.org,N,4/16/1976 0:00
527,Margaret,Gordon,mgordonem@ed.gov,O,4/17/1977 0:00
528,Cynthia,Owens,cowensen@youtu.be,X,8/1/1984 0:00
529,Anthony,Bradley,abradleyeo@nyu.edu,C,11/20/1984 0:00
530,Kimberly,Russell,krussellep@clickbank.net,T,7/18/1978 0:00
531,Mildred,Smith,msmitheq@topsy.com,J,7/8/1983 0:00
532,Judith,Patterson,jpattersoner@fc2.com,E,3/6/1976 0:00
533,Stephen,Welch,swelches@mail.ru,L,2/23/1976 0:00
534,Barbara,Meyer,bmeyeret@webeden.co.uk,A,9/20/1984 0:00
535,Craig,Bishop,cbishopeu@sfgate.com,C,1/4/1976 0:00
536,Ashley,Gibson,agibsonev@mapy.cz,K,2/14/1977 0:00
537,Maria,Hudson,mhudsonew@odnoklassniki.ru,L,3/9/1979 0:00
538,Katherine,Mitchell,kmitchellex@senate.gov,K,7/1/1979 0:00
539,Peter,Fowler,pfowlerey@theatlantic.com,Beth,10/11/1984 0:00
540,Phyllis,Welch,pwelchez@hugedomains.com,H,2/10/1978 0:00
541,Howard,Gomez,hgomezf0@fc2.com,Q,8/17/1984 0:00
542,Laura,Davis,ldavisf1@tripod.com,B,8/21/1974 0:00
543,Clarence,Mitchell,cmitchellf2@yellowpages.com,P,11/30/1970 0:00
544,Philip,Porter,pporterf3@economist.com,J,11/24/1970 0:00
545,Terry,Hansen,thansenf4@i2i.jp,L,11/29/1966 0:00
546,Russell,Cole,rcolef5@utexas.edu,S,5/12/1952 0:00
547,Theresa,Pierce,tpiercef6@scribd.com,S,9/17/1972 0:00
548,Jack,Hughes,jhughesf7@businesswire.com,M,1/4/1971 0:00
549,George,Cruz,gcruzf8@so-net.ne.jp,T,6/3/1973 0:00
550,Jonathan,Gibson,jgibsonf9@forbes.com,L,1/29/1978 0:00
551,Chris,Thomas,cthomasfa@bravesites.com,N,1/17/1978 0:00
552,Gary,Berry,gberryfb@chron.com,M,6/21/1964 0:00
553,Justin,Bryant,jbryantfc@chron.com,E,12/13/1975 0:00
554,Bonnie,Kelly,bkellyfd@delicious.com,A,3/25/1984 0:00
555,Jimmy,Vasquez,jvasquezfe@dailymail.co.uk,R,3/27/1977 0:00
556,Raymond,Spencer,rspencerff@tinypic.com,I,5/28/1980 0:00
557,Mildred,Moore,mmoorefg@unesco.org,A,5/19/1978 0:00
558,Frank,Roberts,frobertsfh@icq.com,V,3/13/1988 0:00
559,Anthony,Clark,aclarkfi@yahoo.co.jp,K,5/26/1987 0:00
560,Lillian,Holmes,lholmesfj@twitpic.com,P,5/17/1975 0:00
561,Donald,Flores,dfloresfk@4shared.com,B,1/6/1976 0:00
562,Rebecca,Cooper,rcooperfl@ocn.ne.jp,Barreiro Gambaro,1/30/1985 0:00
563,Jacqueline,Cooper,jcooperfm@tripadvisor.com,S,6/6/1977 0:00
564,Dorothy,Gonzales,dgonzalesfn@statcounter.com,Y,10/17/1951 0:00
565,Marie,Burton,mburtonfo@engadget.com,G,12/25/1968 0:00
566,Jennifer,Mason,jmasonfp@simplemachines.org,C,2/27/1980 0:00
567,Nicole,Butler,nbutlerfq@biblegateway.com,NULL,8/29/1962 0:00
568,Gloria,Cook,gcookfr@uol.com.br,R,2/4/1975 0:00
569,Stephanie,Scott,sscottfs@elpais.com,Michael,1/18/1974 0:00
570,Catherine,Kelly,ckellyft@blogger.com,O,12/6/1974 0:00
571,Joshua,Grant,jgrantfu@microsoft.com,K,3/9/1968 0:00
572,Elizabeth,Cooper,ecooperfv@google.co.uk,Edvaldo,12/11/1963 0:00
573,Clarence,Lawrence,clawrencefw@a8.net,R,2/11/1974 0:00
574,Betty,Jacobs,bjacobsfx@ibm.com,A,1/5/1978 0:00
575,Thomas,Simpson,tsimpsonfy@omniture.com,E,1/11/1975 0:00
576,Carol,Hunter,chunterfz@ebay.com,N,2/14/1977 0:00
577,Roy,Scott,rscottg0@pen.io,E,9/20/1957 0:00
578,Norma,Campbell,ncampbellg1@biglobe.ne.jp,B,7/9/1975 0:00
579,Deborah,Griffin,dgriffing2@comsenz.com,B,3/17/1968 0:00
580,Samuel,Sanders,ssandersg3@devhub.com,R,9/30/1975 0:00
581,Raymond,Porter,rporterg4@csmonitor.com,J,1/29/1969 0:00
582,Gloria,Knight,gknightg5@epa.gov,Lee,8/1/1971 0:00
583,Raymond,Fox,rfoxg6@shareasale.com,NULL,11/12/1974 0:00
584,Lillian,Little,llittleg7@google.cn,NULL,12/23/1974 0:00
585,Keith,Meyer,kmeyerg8@multiply.com,A,9/27/1952 0:00
586,Julia,Lewis,jlewisg9@hp.com,H,3/11/1959 0:00
587,Martin,Hanson,mhansonga@aboutads.info,A,2/24/1987 0:00
588,Charles,Jones,cjonesgb@tinyurl.com,L,6/5/1986 0:00
589,Phyllis,Hill,phillgc@va.gov,N,1/21/1979 0:00
590,Fred,Perry,fperrygd@sohu.com,NULL,11/30/1984 0:00
591,Frank,Mcdonald,fmcdonaldge@cornell.edu,V,1/17/1978 0:00
592,Sara,Mccoy,smccoygf@goodreads.com,B,7/29/1959 0:00
593,Diana,Hunt,dhuntgg@europa.eu,M,5/28/1989 0:00
594,Albert,Cruz,acruzgh@whitehouse.gov,I,6/16/1979 0:00
595,Heather,Boyd,hboydgi@histats.com,B,5/2/1961 0:00
596,Kathleen,Nelson,knelsongj@clickbank.net,M,3/19/1975 0:00
597,Nicholas,Reid,nreidgk@europa.eu,F,5/3/1987 0:00
598,Tammy,Robertson,trobertsongl@opensource.org,L,3/6/1978 0:00
599,Billy,Dixon,bdixongm@dropbox.com,A,1/29/1978 0:00
600,Julia,Hicks,jhicksgn@prweb.com,M,3/17/1975 0:00
601,Theresa,Dixon,tdixongo@miibeian.gov.cn,J,2/4/1986 0:00
602,Dennis,Bryant,dbryantgp@over-blog.com,E,5/21/1987 0:00
603,Edward,Payne,epaynegq@eventbrite.com,E,9/13/1962 0:00
604,Scott,Carroll,scarrollgr@sina.com.cn,A,6/18/1979 0:00
605,Julie,Knight,jknightgs@t-online.de,R,1/7/1983 0:00
606,Karen,Lewis,klewisgt@artisteer.com,J,11/3/1982 0:00
607,Brandon,Hunt,bhuntgu@linkedin.com,A,10/8/1956 0:00
608,Alan,Bradley,abradleygv@boston.com,R,3/13/1988 0:00
609,Andrea,Alexander,aalexandergw@seattletimes.com,K,9/25/1979 0:00
610,Daniel,Sanchez,dsanchezgx@hexun.com,L,9/28/1989 0:00
611,Shirley,Wright,swrightgy@e-recht24.de,W,5/20/1986 0:00
612,Nancy,Stanley,nstanleygz@domainmarket.com,A,7/10/1977 0:00
613,Emily,Ray,erayh0@mozilla.com,O,12/26/1976 0:00
614,Donald,Stewart,dstewarth1@sphinn.com,O,6/10/1987 0:00
615,Todd,Hart,tharth2@simplemachines.org,G,1/10/1977 0:00
616,Eugene,Jackson,ejacksonh3@ibm.com,R,7/31/1984 0:00
617,Joseph,Lewis,jlewish4@storify.com,O,8/7/1986 0:00
618,Shawn,Jackson,sjacksonh5@redcross.org,B,12/14/1966 0:00
619,Carol,Wilson,cwilsonh6@themeforest.net,R,9/11/1971 0:00
620,Shirley,Stewart,sstewarth7@360.cn,M,1/16/1956 0:00
621,Peter,Carpenter,pcarpenterh8@icq.com,NULL,8/27/1973 0:00
622,Angela,Moore,amooreh9@hud.gov,D,7/25/1984 0:00
623,Lawrence,Watkins,lwatkinsha@amazon.co.jp,A,11/19/1988 0:00
624,Terry,Sullivan,tsullivanhb@marriott.com,D,5/17/1990 0:00
625,Jimmy,Allen,jallenhc@buzzfeed.com,R,1/10/1986 0:00
626,Susan,Robinson,srobinsonhd@flavors.me,O,2/10/1976 0:00
627,Ann,West,awesthe@sfgate.com,R,9/6/1988 0:00
628,Samuel,Moore,smoorehf@surveymonkey.com,Ann,6/4/1956 0:00
629,Andrea,Stewart,astewarthg@ibm.com,K,3/26/1956 0:00
630,Martha,Baker,mbakerhh@arizona.edu,M,8/30/1956 0:00
631,Barbara,Richards,brichardshi@imageshack.us,L,7/11/1956 0:00
632,Anne,Ruiz,aruizhj@yahoo.com,M,4/4/1956 0:00
633,Kelly,Ray,krayhk@photobucket.com,R,3/29/1956 0:00
634,Tammy,Lynch,tlynchhl@accuweather.com,N,9/10/1986 0:00
635,Gerald,Gutierrez,ggutierrezhm@reddit.com,R,4/1/1956 0:00
636,Wanda,Lawson,wlawsonhn@about.com,H,7/6/1988 0:00
637,Rebecca,Wood,rwoodho@scribd.com,T,7/24/1971 0:00
638,Timothy,Weaver,tweaverhp@diigo.com,C,5/30/1986 0:00
639,Steven,Kelly,skellyhq@shareasale.com,N,8/16/1979 0:00
640,Fred,Elliott,felliotthr@jigsy.com,C,2/3/1977 0:00
641,Debra,Wilson,dwilsonhs@booking.com,H,8/9/1989 0:00
642,Linda,Barnes,lbarnesht@dailymotion.com,T,8/7/1956 0:00
643,Sean,Adams,sadamshu@time.com,W,1/30/1955 0:00
644,Margaret,Myers,mmyershv@blinklist.com,J,9/5/1973 0:00
645,Norma,Coleman,ncolemanhw@themeforest.net,T,4/28/1970 0:00
646,Janet,Garza,jgarzahx@ifeng.com,R,3/7/1970 0:00
647,Kelly,Murray,kmurrayhy@slideshare.net,G,2/11/1976 0:00
648,Emily,Webb,ewebbhz@google.com,B,9/2/1971 0:00
649,Evelyn,Watkins,ewatkinsi0@virginia.edu,F,4/6/1991 0:00
650,Dennis,Peters,dpetersi1@creativecommons.org,J,12/29/1984 0:00
651,Donald,Walker,dwalkeri2@twitter.com,Sean,1/29/1989 0:00
652,Todd,Fuller,tfulleri3@clickbank.net,T,5/14/1977 0:00
653,Jerry,Murray,jmurrayi4@scribd.com,M,10/19/1983 0:00
654,Helen,Morris,hmorrisi5@pcworld.com,M,11/6/1989 0:00
655,Fred,Smith,fsmithi6@shutterfly.com,F,6/27/1982 0:00
656,Debra,Meyer,dmeyeri7@ning.com,M,10/17/1988 0:00
657,Kelly,Larson,klarsoni8@va.gov,A,5/13/1983 0:00
658,Scott,Campbell,scampbelli9@nps.gov,H,8/27/1987 0:00
659,Patrick,Burke,pburkeia@princeton.edu,L,12/8/1966 0:00
660,Carolyn,Dixon,cdixonib@forbes.com,P,12/3/1970 0:00
661,Jimmy,Roberts,jrobertsic@google.nl,U,3/9/1971 0:00
662,Joan,Perry,jperryid@sitemeter.com,T,8/29/1973 0:00
663,Adam,Johnston,ajohnstonie@ebay.com,M,12/23/1973 0:00
664,Nicholas,Jacobs,njacobsif@barnesandnoble.com,R,3/2/1952 0:00
665,Richard,Mason,rmasonig@nature.com,Richard,12/23/1970 0:00
666,Billy,Armstrong,barmstrongih@artisteer.com,L,6/13/1972 0:00
667,Edward,White,ewhiteii@mozilla.com,K,4/11/1984 0:00
668,Carolyn,Burns,cburnsij@upenn.edu,A,12/17/1966 0:00
669,Jeffrey,Barnes,jbarnesik@thetimes.co.uk,C,9/10/1986 0:00
670,Antonio,Walker,awalkeril@istockphoto.com,C,9/7/1986 0:00
671,Jacqueline,Bowman,jbowmanim@hc360.com,B,9/13/1986 0:00
672,Russell,Wallace,rwallacein@usatoday.com,M,10/1/1986 0:00
673,Paul,Willis,pwillisio@biblegateway.com,T,4/28/1980 0:00
674,Gerald,Ellis,gellisip@netlog.com,NULL,11/25/1972 0:00
675,Judy,Morgan,jmorganiq@stanford.edu,H,9/8/1986 0:00
676,Gerald,Hansen,ghansenir@parallels.com,I,1/25/1990 0:00
677,Jessica,Parker,jparkeris@xrea.com,H,3/21/1986 0:00
678,Steve,Lawrence,slawrenceit@forbes.com,A,6/26/1978 0:00
679,Douglas,Hughes,dhughesiu@soup.io,NULL,3/29/1979 0:00
680,Brian,Clark,bclarkiv@t.co,B,1/24/1973 0:00
681,Edward,Stephens,estephensiw@sitemeter.com,N,8/30/1971 0:00
682,Stephanie,Rice,sriceix@last.fm,W,10/26/1983 0:00
683,Carolyn,Johnston,cjohnstoniy@businessinsider.com,N,9/22/1986 0:00
684,Fred,Peters,fpetersiz@edublogs.org,R,9/19/1986 0:00
685,Lawrence,Howell,lhowellj0@army.mil,M,9/19/1986 0:00
686,Carolyn,Rose,crosej1@netlog.com,T,9/28/1986 0:00
687,Shawn,Hughes,shughesj2@irs.gov,E,10/1/1986 0:00
688,William,Boyd,wboydj3@nsw.gov.au,K,2/5/1989 0:00
689,Michelle,Bryant,mbryantj4@fastcompany.com,O,1/26/1978 0:00
690,Rachel,Fuller,rfullerj5@ft.com,T,7/6/1979 0:00
691,David,Reed,dreedj6@lulu.com,R,2/25/1978 0:00
692,Catherine,George,cgeorgej7@google.ca,P,5/31/1978 0:00
693,Joshua,Phillips,jphillipsj8@dagondesign.com,K,7/17/1987 0:00
694,Julie,Mccoy,jmccoyj9@webeden.co.uk,J,5/7/1978 0:00
695,David,Tucker,dtuckerja@google.co.uk,W,5/31/1991 0:00
696,Alan,Nelson,anelsonjb@statcounter.com,W,5/3/1974 0:00
697,Jimmy,Alvarez,jalvarezjc@msu.edu,W,8/4/1990 0:00
698,Mark,Roberts,mrobertsjd@dmoz.org,L,6/13/1971 0:00
699,Lisa,Hunt,lhuntje@devhub.com,T,6/15/1989 0:00
700,Debra,Perry,dperryjf@java.com,H,6/6/1987 0:00
701,Martin,Williams,mwilliamsjg@disqus.com,G,9/9/1972 0:00
702,Louise,Richardson,lrichardsonjh@bloglines.com,W,2/17/1978 0:00
703,Albert,Fields,afieldsji@cafepress.com,N,3/18/1977 0:00
704,Juan,Ellis,jellisjj@nasa.gov,T,4/30/1984 0:00
705,Jeffrey,White,jwhitejk@bloglines.com,T,11/11/1973 0:00
706,Lillian,Rice,lricejl@cyberchimps.com,T,5/4/1985 0:00
707,Ryan,Graham,rgrahamjm@bloglovin.com,P,7/2/1983 0:00
708,Judith,Romero,jromerojn@squarespace.com,B,11/13/1980 0:00
709,Martha,Black,mblackjo@angelfire.com,W,5/16/1988 0:00
710,Nicole,Long,nlongjp@cbc.ca,T,8/4/1973 0:00
711,Edward,Long,elongjq@hp.com,F,10/7/1990 0:00
712,Julia,Boyd,jboydjr@ycombinator.com,B,4/9/1986 0:00
713,Amanda,Hunter,ahunterjs@altervista.org,L,1/4/1991 0:00
714,Frances,Fowler,ffowlerjt@blogs.com,NULL,1/19/1985 0:00
715,Deborah,Pierce,dpierceju@oakley.com,William,1/3/1982 0:00
716,Joshua,Patterson,jpattersonjv@1und1.de,A,11/12/1970 0:00
717,Michelle,Reynolds,mreynoldsjw@loc.gov,T,9/5/1974 0:00
718,Michael,Collins,mcollinsjx@cloudflare.com,H,11/22/1987 0:00
719,Roger,White,rwhitejy@seesaa.net,T,10/23/1971 0:00
720,Gerald,Owens,gowensjz@sfgate.com,E,4/30/1953 0:00
721,Kenneth,Rivera,kriverak0@wufoo.com,G,9/10/1974 0:00
722,Antonio,Gonzalez,agonzalezk1@accuweather.com,C,4/4/1970 0:00
723,Brandon,Wagner,bwagnerk2@free.fr,NULL,9/5/1971 0:00
724,Elizabeth,King,ekingk3@wiley.com,R,11/4/1990 0:00
725,Jessica,Johnson,jjohnsonk4@jimdo.com,S,8/18/1981 0:00
726,Harry,Gordon,hgordonk5@bizjournals.com,NULL,6/25/1989 0:00
727,Ann,Chavez,achavezk6@deviantart.com,NULL,11/5/1975 0:00
728,Jennifer,Wheeler,jwheelerk7@multiply.com,M,12/7/1988 0:00
729,Alice,Parker,aparkerk8@theglobeandmail.com,M,10/20/1983 0:00
730,Jacqueline,Bowman,jbowmank9@tinyurl.com,T,9/18/1982 0:00
731,Clarence,Burton,cburtonka@theguardian.com,E,9/13/1977 0:00
732,Kenneth,Dunn,kdunnkb@ftc.gov,L,4/6/1977 0:00
733,Kevin,Woods,kwoodskc@gmpg.org,P,10/16/1974 0:00
734,Walter,Hansen,whansenkd@addtoany.com,K,3/2/1967 0:00
735,Daniel,Reynolds,dreynoldske@abc.net.au,K,2/15/1989 0:00
736,Judy,Cruz,jcruzkf@phoca.cz,M,9/23/1974 0:00
737,Joseph,Simmons,jsimmonskg@rambler.ru,A,10/5/1977 0:00
738,Maria,Berry,mberrykh@lulu.com,N,12/8/1986 0:00
739,Joan,Wagner,jwagnerki@ezinearticles.com,W,12/8/1984 0:00
740,Joe,Ray,jraykj@soundcloud.com,V,1/15/1977 0:00
741,Scott,Greene,sgreenekk@dailymail.co.uk,J,2/6/1985 0:00
742,Ruth,Ferguson,rfergusonkl@weebly.com,C,12/25/1980 0:00
743,Louise,Lopez,llopezkm@ask.com,M,4/13/1990 0:00
744,Sarah,Wilson,swilsonkn@1688.com,M,9/24/1988 0:00
745,Frank,Brown,fbrownko@hatena.ne.jp,T,12/16/1988 0:00
746,Ashley,Parker,aparkerkp@netvibes.com,S,6/22/1983 0:00
747,Joyce,Robertson,jrobertsonkq@ehow.com,N,11/2/1979 0:00
748,Melissa,Foster,mfosterkr@google.pl,R,8/25/1984 0:00
749,Carolyn,Simpson,csimpsonks@ca.gov,A,4/2/1983 0:00
750,Helen,King,hkingkt@feedburner.com,Z,4/16/1977 0:00
751,Katherine,Thompson,kthompsonku@webs.com,A,8/3/1981 0:00
752,Harry,West,hwestkv@ustream.tv,J,10/24/1986 0:00
753,Helen,Green,hgreenkw@myspace.com,R,7/15/1987 0:00
754,Nicholas,Stone,nstonekx@google.cn,R,1/5/1986 0:00
755,Lois,Murphy,lmurphyky@utexas.edu,T,1/8/1989 0:00
756,Charles,Cook,ccookkz@redcross.org,Oliver,9/23/1985 0:00
757,Deborah,Martinez,dmartinezl0@issuu.com,M,2/11/1982 0:00
758,Mildred,Nguyen,mnguyenl1@sfgate.com,N,3/24/1982 0:00
759,Marie,Crawford,mcrawfordl2@unblog.fr,S,11/15/1974 0:00
760,Michelle,Bowman,mbowmanl3@sfgate.com,L,11/18/1984 0:00
761,Brian,George,bgeorgel4@hibu.com,T,11/17/1984 0:00
762,Roy,Hart,rhartl5@dion.ne.jp,S,12/1/1986 0:00
763,William,Hernandez,whernandezl6@aol.com,S,7/2/1979 0:00
764,James,Wheeler,jwheelerl7@gov.uk,Y,4/5/1986 0:00
765,Rose,Stevens,rstevensl8@about.com,A,12/21/1975 0:00
766,Amanda,Bradley,abradleyl9@prnewswire.com,S,5/24/1990 0:00
767,Ruby,Hudson,rhudsonla@mashable.com,S,4/15/1989 0:00
768,Annie,Flores,afloreslb@reverbnation.com,B,11/24/1985 0:00
769,Nancy,Allen,nallenlc@blinklist.com,M,7/24/1972 0:00
770,Craig,Payne,cpayneld@jiathis.com,J,2/28/1985 0:00
771,Jerry,Hunt,jhuntle@ft.com,C,3/14/1988 0:00
772,Irene,Martin,imartinlf@wikia.com,M,2/28/1983 0:00
773,Andrea,Hall,ahalllg@shareasale.com,E,12/5/1988 0:00
774,Joyce,Evans,jevanslh@hubpages.com,T,6/25/1989 0:00
775,Billy,Lynch,blynchli@example.com,H,12/25/1985 0:00
776,Steve,Lawson,slawsonlj@joomla.org,G,10/4/1980 0:00
777,Beverly,Jenkins,bjenkinslk@gizmodo.com,M,10/4/1977 0:00
778,Dorothy,Turner,dturnerll@etsy.com,O,11/26/1988 0:00
779,Julie,Roberts,jrobertslm@paypal.com,R,2/10/1987 0:00
780,Katherine,Watson,kwatsonln@hibu.com,T,9/6/1987 0:00
781,Pamela,Castillo,pcastillolo@ucsd.edu,T,2/10/1977 0:00
782,Sean,Stephens,sstephenslp@wisc.edu,G,11/10/1989 0:00
783,Judy,Freeman,jfreemanlq@walmart.com,L,5/28/1981 0:00
784,Steve,Mills,smillslr@about.me,B,5/10/1988 0:00
785,Earl,Stanley,estanleyls@xing.com,A,7/18/1980 0:00
786,Stephanie,Gardner,sgardnerlt@prlog.org,V,9/13/1962 0:00
787,Emily,Kelley,ekelleylu@economist.com,F,10/18/1970 0:00
788,Joseph,Rodriguez,jrodriguezlv@constantcontact.com,R,2/10/1987 0:00
789,Anna,Ramirez,aramirezlw@toplist.cz,E,11/1/1990 0:00
790,Jennifer,Powell,jpowelllx@technorati.com,M,9/17/1969 0:00
791,Robin,Evans,revansly@senate.gov,E,10/26/1977 0:00
792,Arthur,Lewis,alewislz@ucoz.com,J,3/18/1976 0:00
793,Andrea,Fuller,afullerm0@furl.net,T,12/5/1966 0:00
794,Henry,Andrews,handrewsm1@cisco.com,T,3/28/1989 0:00
795,Patricia,Butler,pbutlerm2@youtu.be,L,4/30/1986 0:00
796,Wayne,Griffin,wgriffinm3@netscape.com,P,3/6/1976 0:00
797,Kenneth,Robinson,krobinsonm4@blog.com,T,1/30/1976 0:00
798,Tammy,Hawkins,thawkinsm5@alexa.com,N,4/28/1990 0:00
799,Raymond,Jacobs,rjacobsm6@yolasite.com,N,3/12/1987 0:00
800,Lois,Robinson,lrobinsonm7@ted.com,R,12/25/1975 0:00
801,Ronald,Ray,rraym8@paypal.com,K,5/26/1987 0:00
802,Amy,Foster,afosterm9@squidoo.com,NULL,9/17/1968 0:00
803,George,Myers,gmyersma@usgs.gov,L,12/22/1987 0:00
804,Jerry,Sims,jsimsmb@netlog.com,S,11/6/1981 0:00
805,Jean,Hernandez,jhernandezmc@cnbc.com,J,3/29/1984 0:00
806,Kathy,Montgomery,kmontgomerymd@slideshare.net,P,8/11/1984 0:00
807,Timothy,Anderson,tandersonme@phpbb.com,E.,2/18/1971 0:00
808,Jeffrey,Porter,jportermf@nifty.com,E,1/18/1976 0:00
809,Laura,Wallace,lwallacemg@webeden.co.uk,K,7/31/1970 0:00
810,Kathy,Gray,kgraymh@nih.gov,J,12/17/1971 0:00
811,Lillian,Parker,lparkermi@de.vu,L,4/24/1954 0:00
812,Bruce,Powell,bpowellmj@blogs.com,H,12/3/1970 0:00
813,Anne,Stone,astonemk@blogspot.com,E,8/27/1971 0:00
814,Diane,Evans,devansml@psu.edu,F,1/6/1976 0:00
815,Evelyn,Carpenter,ecarpentermm@mapy.cz,M,2/11/1976 0:00
816,Harold,Martin,hmartinmn@yellowbook.com,N,4/16/1976 0:00
817,John,Lawson,jlawsonmo@1688.com,O,4/17/1977 0:00
818,Shawn,Payne,spaynemp@devhub.com,X,8/1/1984 0:00
819,Dennis,Williams,dwilliamsmq@reddit.com,C,11/20/1984 0:00
820,Terry,Allen,tallenmr@amazon.com,T,7/18/1978 0:00
821,Matthew,Howell,mhowellms@statcounter.com,J,7/8/1983 0:00
822,Michelle,Gilbert,mgilbertmt@go.com,E,3/6/1976 0:00
823,Fred,Nguyen,fnguyenmu@google.pl,L,2/23/1976 0:00
824,Jose,Murphy,jmurphymv@live.com,A,9/20/1984 0:00
825,Katherine,Ryan,kryanmw@ocn.ne.jp,C,1/4/1976 0:00
826,Anne,Reid,areidmx@tinyurl.com,K,2/14/1977 0:00
827,Christina,Mills,cmillsmy@nhs.uk,L,3/9/1979 0:00
828,Cheryl,Morrison,cmorrisonmz@intel.com,K,7/1/1979 0:00
829,Howard,Holmes,hholmesn0@alibaba.com,Beth,10/11/1984 0:00
830,Justin,Taylor,jtaylorn1@4shared.com,H,2/10/1978 0:00
831,Johnny,Watson,jwatsonn2@paginegialle.it,Q,8/17/1984 0:00
832,Scott,Gordon,sgordonn3@thetimes.co.uk,B,8/21/1974 0:00
833,Angela,Hicks,ahicksn4@arizona.edu,P,11/30/1970 0:00
834,Thomas,Nichols,tnicholsn5@purevolume.com,J,11/24/1970 0:00
835,Catherine,Austin,caustinn6@ning.com,L,11/29/1966 0:00
836,Deborah,Grant,dgrantn7@scribd.com,S,5/12/1952 0:00
837,Adam,Stephens,astephensn8@wix.com,S,9/17/1972 0:00
838,Alice,Sims,asimsn9@illinois.edu,M,1/4/1971 0:00
839,Paul,Ray,prayna@uiuc.edu,T,6/3/1973 0:00
840,Donna,Reed,dreednb@theatlantic.com,L,1/29/1978 0:00
841,Joe,Wilson,jwilsonnc@jiathis.com,N,1/17/1978 0:00
842,Adam,Butler,abutlernd@nyu.edu,M,6/21/1964 0:00
843,Louis,Hunt,lhuntne@google.com.br,E,12/13/1975 0:00
844,Sara,Martin,smartinnf@xing.com,A,3/25/1984 0:00
845,Jonathan,Morgan,jmorganng@utexas.edu,R,3/27/1977 0:00
846,Keith,Pierce,kpiercenh@sohu.com,I,5/28/1980 0:00
847,Pamela,Owens,powensni@soundcloud.com,A,5/19/1978 0:00
848,Cheryl,Stanley,cstanleynj@time.com,V,3/13/1988 0:00
849,Gloria,Stevens,gstevensnk@cargocollective.com,K,5/26/1987 0:00
850,Denise,Wagner,dwagnernl@people.com.cn,P,5/17/1975 0:00
851,Martin,Torres,mtorresnm@goo.gl,B,1/6/1976 0:00
852,Frank,Matthews,fmatthewsnn@oakley.com,Barreiro Gambaro,1/30/1985 0:00
853,Paul,Snyder,psnyderno@amazon.com,S,6/6/1977 0:00
854,Andrea,Sanders,asandersnp@hibu.com,Y,10/17/1951 0:00
855,Charles,Hicks,chicksnq@netlog.com,G,12/25/1968 0:00
856,Shawn,Jones,sjonesnr@netlog.com,C,2/27/1980 0:00
857,Annie,Wheeler,awheelerns@sitemeter.com,NULL,8/29/1962 0:00
858,Angela,Medina,amedinant@statcounter.com,R,2/4/1975 0:00
859,Martin,Ellis,mellisnu@goodreads.com,Michael,1/18/1974 0:00
860,Mary,Gonzales,mgonzalesnv@yellowpages.com,O,12/6/1974 0:00
861,Wanda,Howard,whowardnw@1688.com,K,3/9/1968 0:00
862,Kelly,Henry,khenrynx@woothemes.com,Edvaldo,12/11/1963 0:00
863,Elizabeth,Castillo,ecastillony@xrea.com,R,2/11/1974 0:00
864,Jeremy,Cook,jcooknz@upenn.edu,A,1/5/1978 0:00
865,Aaron,Day,adayo0@creativecommons.org,E,1/11/1975 0:00
866,Brenda,Williamson,bwilliamsono1@symantec.com,N,2/14/1977 0:00
867,John,Wood,jwoodo2@4shared.com,E,9/20/1957 0:00
868,Joshua,Perez,jperezo3@vimeo.com,B,7/9/1975 0:00
869,Mary,Mitchell,mmitchello4@weather.com,B,3/17/1968 0:00
870,Richard,Medina,rmedinao5@stumbleupon.com,R,9/30/1975 0:00
871,Robert,Armstrong,rarmstrongo6@salon.com,J,1/29/1969 0:00
872,Linda,Henderson,lhendersono7@nba.com,Lee,8/1/1971 0:00
873,Ryan,Henry,rhenryo8@auda.org.au,NULL,11/12/1974 0:00
874,Jason,Stevens,jstevenso9@opensource.org,NULL,12/23/1974 0:00
875,Lawrence,Flores,lfloresoa@webeden.co.uk,A,9/27/1952 0:00
876,Katherine,Snyder,ksnyderob@msu.edu,H,3/11/1959 0:00
877,Phillip,Thompson,pthompsonoc@ucoz.ru,A,2/24/1987 0:00
878,William,Nelson,wnelsonod@theglobeandmail.com,L,6/5/1986 0:00
879,Christina,Rogers,crogersoe@ask.com,N,1/21/1979 0:00
880,Janice,Reyes,jreyesof@loc.gov,NULL,11/30/1984 0:00
881,Helen,Bryant,hbryantog@cloudflare.com,V,1/17/1978 0:00
882,Ruby,Hunt,rhuntoh@usatoday.com,B,7/29/1959 0:00
883,Steven,Knight,sknightoi@alibaba.com,M,5/28/1989 0:00
884,Douglas,Knight,dknightoj@constantcontact.com,I,6/16/1979 0:00
885,Clarence,Gibson,cgibsonok@weibo.com,B,5/2/1961 0:00
886,Edward,Mason,emasonol@t-online.de,M,3/19/1975 0:00
887,Marie,Webb,mwebbom@jalbum.net,F,5/3/1987 0:00
888,Jacqueline,Martin,jmartinon@japanpost.jp,L,3/6/1978 0:00
889,Susan,Fernandez,sfernandezoo@sourceforge.net,A,1/29/1978 0:00
890,Rachel,Ellis,rellisop@virginia.edu,M,3/17/1975 0:00
891,Eric,Flores,efloresoq@cargocollective.com,J,2/4/1986 0:00
892,Cynthia,Webb,cwebbor@geocities.com,E,5/21/1987 0:00
893,Mary,Morales,mmoralesos@booking.com,E,9/13/1962 0:00
894,Theresa,James,tjamesot@wikimedia.org,A,6/18/1979 0:00
895,Ernest,Bailey,ebaileyou@theguardian.com,R,1/7/1983 0:00
896,Johnny,Woods,jwoodsov@merriam-webster.com,J,11/3/1982 0:00
897,Diana,Hall,dhallow@mail.ru,A,10/8/1956 0:00
898,Catherine,Castillo,ccastilloox@nifty.com,R,3/13/1988 0:00
899,Gloria,Shaw,gshawoy@ustream.tv,K,9/25/1979 0:00
900,Alan,Ford,afordoz@drupal.org,L,9/28/1989 0:00
901,Mildred,Ramos,mramosp0@prlog.org,W,5/20/1986 0:00
902,Jose,Walker,jwalkerp1@engadget.com,A,7/10/1977 0:00
903,Janice,Ray,jrayp2@shop-pro.jp,O,12/26/1976 0:00
904,Wanda,Garcia,wgarciap3@msu.edu,O,6/10/1987 0:00
905,Tina,Scott,tscottp4@eepurl.com,G,1/10/1977 0:00
906,Bruce,Henry,bhenryp5@tinyurl.com,R,7/31/1984 0:00
907,Kimberly,Wheeler,kwheelerp6@army.mil,O,8/7/1986 0:00
908,Dennis,Fuller,dfullerp7@virginia.edu,B,12/14/1966 0:00
909,Bruce,Fernandez,bfernandezp8@epa.gov,R,9/11/1971 0:00
910,Teresa,Gray,tgrayp9@globo.com,M,1/16/1956 0:00
911,Donna,Burton,dburtonpa@cnn.com,NULL,8/27/1973 0:00
912,Ann,Boyd,aboydpb@ezinearticles.com,D,7/25/1984 0:00
913,Ruth,Wells,rwellspc@shutterfly.com,A,11/19/1988 0:00
914,Christine,Kim,ckimpd@facebook.com,D,5/17/1990 0:00
915,Bonnie,Ramos,bramospe@hhs.gov,R,1/10/1986 0:00
916,Diane,Simpson,dsimpsonpf@si.edu,O,2/10/1976 0:00
917,Julie,Anderson,jandersonpg@taobao.com,R,9/6/1988 0:00
918,Ruby,Moreno,rmorenoph@nifty.com,Ann,6/4/1956 0:00
919,Teresa,Gonzalez,tgonzalezpi@t-online.de,K,3/26/1956 0:00
920,Anthony,Wallace,awallacepj@cmu.edu,M,8/30/1956 0:00
921,Andrew,Rose,arosepk@taobao.com,L,7/11/1956 0:00
922,Lillian,Austin,laustinpl@kickstarter.com,M,4/4/1956 0:00
923,Steve,Rose,srosepm@umn.edu,R,3/29/1956 0:00
924,Joe,Bennett,jbennettpn@meetup.com,N,9/10/1986 0:00
925,Ernest,Johnston,ejohnstonpo@wikia.com,R,4/1/1956 0:00
926,Scott,Perez,sperezpp@gizmodo.com,H,7/6/1988 0:00
927,Willie,Jenkins,wjenkinspq@geocities.jp,T,7/24/1971 0:00
928,Lillian,Allen,lallenpr@scientificamerican.com,C,5/30/1986 0:00
929,Norma,Fowler,nfowlerps@nih.gov,N,8/16/1979 0:00
930,Donna,Parker,dparkerpt@army.mil,C,2/3/1977 0:00
931,Julie,Bowman,jbowmanpu@shareasale.com,H,8/9/1989 0:00
932,Joe,Lewis,jlewispv@psu.edu,T,8/7/1956 0:00
933,Sean,Lynch,slynchpw@techcrunch.com,W,1/30/1955 0:00
934,Michelle,Kennedy,mkennedypx@wikispaces.com,J,9/5/1973 0:00
935,Frank,Olson,folsonpy@elegantthemes.com,T,4/28/1970 0:00
936,Charles,Ward,cwardpz@netscape.com,R,3/7/1970 0:00
937,Carlos,Lewis,clewisq0@google.com.au,G,2/11/1976 0:00
938,Theresa,Hawkins,thawkinsq1@answers.com,B,9/2/1971 0:00
939,Chris,Rivera,criveraq2@github.io,F,4/6/1991 0:00
940,Cheryl,Little,clittleq3@discuz.net,J,12/29/1984 0:00
941,Edward,Allen,eallenq4@weibo.com,Sean,1/29/1989 0:00
942,Lawrence,Burton,lburtonq5@bluehost.com,T,5/14/1977 0:00
943,Mary,Olson,molsonq6@microsoft.com,M,10/19/1983 0:00
944,Samuel,Coleman,scolemanq7@e-recht24.de,M,11/6/1989 0:00
945,Julie,Hawkins,jhawkinsq8@reddit.com,F,6/27/1982 0:00
946,Lois,Banks,lbanksq9@jalbum.net,M,10/17/1988 0:00
947,Michelle,Martinez,mmartinezqa@ow.ly,A,5/13/1983 0:00
948,Victor,Brooks,vbrooksqb@t-online.de,H,8/27/1987 0:00
949,Chris,Rodriguez,crodriguezqc@yahoo.com,L,12/8/1966 0:00
950,Eric,Snyder,esnyderqd@squidoo.com,P,12/3/1970 0:00
951,Larry,Wheeler,lwheelerqe@harvard.edu,U,3/9/1971 0:00
952,Roy,Gray,rgrayqf@vkontakte.ru,T,8/29/1973 0:00
953,Lois,Jenkins,ljenkinsqg@sitemeter.com,M,12/23/1973 0:00
954,Daniel,Price,dpriceqh@discovery.com,R,3/2/1952 0:00
955,Russell,Long,rlongqi@indiegogo.com,R,12/23/1970 0:00
956,George,Lawrence,glawrenceqj@cornell.edu,L,6/13/1972 0:00
957,Albert,Hayes,ahayesqk@ameblo.jp,K,4/11/1984 0:00
958,David,Clark,dclarkql@google.com.au,A,12/17/1966 0:00
959,Melissa,Reed,mreedqm@squarespace.com,C,9/10/1986 0:00
960,Jeremy,Campbell,jcampbellqn@amazonaws.com,C,9/7/1986 0:00
961,Samuel,Mendoza,smendozaqo@moonfruit.com,B,9/13/1986 0:00
962,Nicholas,Jacobs,njacobsqp@alexa.com,M,10/1/1986 0:00
963,Carl,Henderson,chendersonqq@hao123.com,T,4/28/1980 0:00
964,Debra,Smith,dsmithqr@mlb.com,NULL,11/25/1972 0:00
965,Lisa,Long,llongqs@ovh.net,H,9/8/1986 0:00
966,Martha,Martinez,mmartinezqt@rambler.ru,I,1/25/1990 0:00
967,Billy,Andrews,bandrewsqu@smugmug.com,H,3/21/1986 0:00
968,Robin,Webb,rwebbqv@harvard.edu,A,6/26/1978 0:00
969,Jesse,Green,jgreenqw@ca.gov,NULL,3/29/1979 0:00
970,Barbara,Cole,bcoleqx@jugem.jp,B,1/24/1973 0:00
971,Lawrence,Moore,lmooreqy@jiathis.com,N,8/30/1971 0:00
972,Marie,Hayes,mhayesqz@shutterfly.com,W,10/26/1983 0:00
973,Todd,Rose,troser0@oaic.gov.au,N,9/22/1986 0:00
974,Anne,Myers,amyersr1@loc.gov,R,9/19/1986 0:00
975,Samuel,Chapman,schapmanr2@newyorker.com,M,9/19/1986 0:00
976,Kimberly,Rivera,kriverar3@si.edu,T,9/28/1986 0:00
977,Jeremy,Richards,jrichardsr4@altervista.org,E,10/1/1986 0:00
978,Katherine,Dean,kdeanr5@si.edu,K,2/5/1989 0:00
979,Joshua,Moreno,jmorenor6@jimdo.com,O,1/26/1978 0:00
980,Frank,Dean,fdeanr7@who.int,T,7/6/1979 0:00
981,Linda,Riley,lrileyr8@tmall.com,R,2/25/1978 0:00
982,Lori,Ramirez,lramirezr9@jiathis.com,P,5/31/1978 0:00
983,Ruth,Wells,rwellsra@geocities.jp,K,7/17/1987 0:00
984,Heather,Sims,hsimsrb@usda.gov,J,5/7/1978 0:00
985,Mark,Wright,mwrightrc@yahoo.com,W,5/31/1991 0:00
986,Kelly,Wilson,kwilsonrd@gnu.org,W,5/3/1974 0:00
987,Ann,Lawrence,alawrencere@sciencedirect.com,W,8/4/1990 0:00
988,John,Dean,jdeanrf@nba.com,L,6/13/1971 0:00
989,Frank,Peters,fpetersrg@msn.com,T,6/15/1989 0:00
990,Marie,Johnson,mjohnsonrh@apple.com,H,6/6/1987 0:00
991,Philip,Fernandez,pfernandezri@independent.co.uk,G,9/9/1972 0:00
992,Beverly,Daniels,bdanielsrj@webmd.com,W,2/17/1978 0:00
993,Henry,Fields,hfieldsrk@cnet.com,N,3/18/1977 0:00
994,Walter,Arnold,warnoldrl@lycos.com,T,4/30/1984 0:00
995,Albert,Carter,acarterrm@blogger.com,T,11/11/1973 0:00
996,Craig,Williams,cwilliamsrn@wisc.edu,T,5/4/1985 0:00
997,Christina,Owens,cowensro@mayoclinic.com,P,7/2/1983 0:00
998,Nicholas,Rice,nricerp@illinois.edu,B,11/13/1980 0:00
999,Lois,Gray,lgrayrq@berkeley.edu,W,5/16/1988 0:00
1000,Phyllis,Ross,prossrr@omniture.com,T,8/4/1973 0:00
